experiment,board_instance,number of nodes,rank id,number of banks,buffer size[KB],segment_size[KB],collective name,execution_time[us],throughput[Gbps],execution_time_fullpath[us],throughput_fullpath[Gbps]
u280_u250_reduce,xilinx_u280_xdma_201920_3,7,6,6,1,1024,Reduce,513.9599999992583,0.09762627441838355,1379.929999998808,0.03636126470186411
u280_u250_reduce,xilinx_u280_xdma_201920_3,7,6,6,1,1024,Reduce,503.41100000395045,0.09967203736034026,665.6820000046082,0.0753753293609451
u280_u250_reduce,xilinx_u280_xdma_201920_3,7,6,6,1,1024,Reduce,455.97800000507505,0.11004039668458027,738.4379999990642,0.06794883253578984
u280_u250_reduce,xilinx_u280_xdma_201920_3,7,6,6,1,1024,Reduce,419.82300000142914,0.11951703455939573,643.9419999964002,0.07792006112395293
u280_u250_reduce,xilinx_u280_xdma_201920_3,7,6,6,1,1024,Reduce,412.45799999956034,0.12165117418028862,570.0210000014749,0.088024827155263
u280_u250_reduce,xilinx_u280_xdma_201920_3,7,6,6,1,1024,Reduce,433.4990000032235,0.11574651844554865,596.776999998383,0.08407830730764751
u280_u250_reduce,xilinx_u280_xdma_201920_3,7,6,6,1,1024,Reduce,455.48399999972844,0.11015974216444466,642.1220000021322,0.07814091403165348
u280_u250_reduce,xilinx_u280_xdma_201920_3,7,6,6,1,1024,Reduce,387.0699999950489,0.12963029943070198,578.1620000036014,0.08678536465504037
u280_u250_reduce,xilinx_u280_xdma_201920_3,7,6,6,1,1024,Reduce,368.1729999982508,0.13628375790793565,589.0279999931636,0.0851844054961434
u280_u250_reduce,xilinx_u280_xdma_201920_3,7,6,6,1,1024,Reduce,368.97500000065975,0.13598753303045,504.71999999501804,0.0994135362190824
experiment,board_instance,number of nodes,rank id,number of banks,buffer size[KB],segment_size[KB],collective name,execution_time[us],throughput[Gbps],execution_time_fullpath[us],throughput_fullpath[Gbps]
u280_u250_reduce,xilinx_u280_xdma_201920_3,7,6,6,2,1024,Reduce,438.26199999585924,0.22897718716418067,622.3489999968024,0.16124714589485256
u280_u250_reduce,xilinx_u280_xdma_201920_3,7,6,6,2,1024,Reduce,415.5059999959576,0.24151757134909319,495.98100000025624,0.20233033120209878
u280_u250_reduce,xilinx_u280_xdma_201920_3,7,6,6,2,1024,Reduce,380.70900000519714,0.2635924025926103,468.23799999629045,0.2143183594684648
u280_u250_reduce,xilinx_u280_xdma_201920_3,7,6,6,2,1024,Reduce,337.0929999988448,0.2976982613116971,414.32300000110445,0.24220716687157726
u280_u250_reduce,xilinx_u280_xdma_201920_3,7,6,6,2,1024,Reduce,342.0339999991029,0.2933977323899472,413.9679999966006,0.24241487264915176
u280_u250_reduce,xilinx_u280_xdma_201920_3,7,6,6,2,1024,Reduce,316.96599999975206,0.31660178063287076,418.8869999950384,0.23956818903711175
u280_u250_reduce,xilinx_u280_xdma_201920_3,7,6,6,2,1024,Reduce,267.8880000033246,0.3746043122452465,459.33199999836916,0.21847378366923337
u280_u250_reduce,xilinx_u280_xdma_201920_3,7,6,6,2,1024,Reduce,318.0060000005369,0.31556637296098367,441.4890000035143,0.22730351152395908
u280_u250_reduce,xilinx_u280_xdma_201920_3,7,6,6,2,1024,Reduce,339.62399999865056,0.29547970697123505,383.82299999994984,0.2614538472160687
u280_u250_reduce,xilinx_u280_xdma_201920_3,7,6,6,2,1024,Reduce,277.96700000237706,0.36102127230621556,450.6610000021283,0.22267735614913667
experiment,board_instance,number of nodes,rank id,number of banks,buffer size[KB],segment_size[KB],collective name,execution_time[us],throughput[Gbps],execution_time_fullpath[us],throughput_fullpath[Gbps]
u280_u250_reduce,xilinx_u280_xdma_201920_3,7,6,6,4,1024,Reduce,427.9489999987618,0.5276142717955955,610.6419999980517,0.3697616606796133
u280_u250_reduce,xilinx_u280_xdma_201920_3,7,6,6,4,1024,Reduce,314.22200000008615,0.718574765611377,505.6950000010829,0.4464983834119706
u280_u250_reduce,xilinx_u280_xdma_201920_3,7,6,6,4,1024,Reduce,321.0320000022193,0.703331755084973,479.18500000321274,0.4712000584293877
u280_u250_reduce,xilinx_u280_xdma_201920_3,7,6,6,4,1024,Reduce,345.18600000410515,0.6541169108750492,516.8659999981173,0.4368482353275751
u280_u250_reduce,xilinx_u280_xdma_201920_3,7,6,6,4,1024,Reduce,302.9179999956,0.7453898414860779,580.5070000022283,0.3889565500487217
u280_u250_reduce,xilinx_u280_xdma_201920_3,7,6,6,4,1024,Reduce,315.1840000015227,0.7163815422068035,480.36699999443044,0.4700406147853993
u280_u250_reduce,xilinx_u280_xdma_201920_3,7,6,6,4,1024,Reduce,333.0510000054687,0.6779502238284602,492.139999998642,0.4587962774832833
u280_u250_reduce,xilinx_u280_xdma_201920_3,7,6,6,4,1024,Reduce,363.62499999853526,0.6209474046088952,505.5319999982544,0.4466423490516519
u280_u250_reduce,xilinx_u280_xdma_201920_3,7,6,6,4,1024,Reduce,296.8650000028106,0.7605881461198266,412.98000000011825,0.5467383408395935
u280_u250_reduce,xilinx_u280_xdma_201920_3,7,6,6,4,1024,Reduce,329.76399999995465,0.684707851675838,492.0000000012692,0.45892682926710876
experiment,board_instance,number of nodes,rank id,number of banks,buffer size[KB],segment_size[KB],collective name,execution_time[us],throughput[Gbps],execution_time_fullpath[us],throughput_fullpath[Gbps]
u280_u250_reduce,xilinx_u280_xdma_201920_3,7,6,6,8,1024,Reduce,430.8950000009304,1.048014017333747,723.3090000013931,0.624330680247488
u280_u250_reduce,xilinx_u280_xdma_201920_3,7,6,6,8,1024,Reduce,400.5179999992947,1.1274998876474847,485.7150000034949,0.9297303974486081
u280_u250_reduce,xilinx_u280_xdma_201920_3,7,6,6,8,1024,Reduce,290.0220000014997,1.5570680844820908,421.8370000046434,1.070517759217492
u280_u250_reduce,xilinx_u280_xdma_201920_3,7,6,6,8,1024,Reduce,330.34000000498054,1.3670279106169143,443.4840000016038,1.0182644695149474
u280_u250_reduce,xilinx_u280_xdma_201920_3,7,6,6,8,1024,Reduce,309.340000001157,1.4598306070935245,445.460999998204,1.013745311041417
u280_u250_reduce,xilinx_u280_xdma_201920_3,7,6,6,8,1024,Reduce,315.1700000003643,1.4328267284306184,397.38099999908627,1.1364005828186008
u280_u250_reduce,xilinx_u280_xdma_201920_3,7,6,6,8,1024,Reduce,334.6560000068166,1.34939759033396,414.28299999779483,1.0900374864582996
u280_u250_reduce,xilinx_u280_xdma_201920_3,7,6,6,8,1024,Reduce,312.585999999726,1.4446712264797394,443.09599999792226,1.0191561196718488
u280_u250_reduce,xilinx_u280_xdma_201920_3,7,6,6,8,1024,Reduce,312.3209999955634,1.4458970098277568,416.0740000003216,1.0853453952894219
u280_u250_reduce,xilinx_u280_xdma_201920_3,7,6,6,8,1024,Reduce,336.4459999986025,1.3422183649140598,414.16599999877235,1.0903454170582292
experiment,board_instance,number of nodes,rank id,number of banks,buffer size[KB],segment_size[KB],collective name,execution_time[us],throughput[Gbps],execution_time_fullpath[us],throughput_fullpath[Gbps]
u280_u250_reduce,xilinx_u280_xdma_201920_3,7,6,6,16,1024,Reduce,413.35400000264144,2.1849746222226676,596.4570000003278,1.514221477825734
u280_u250_reduce,xilinx_u280_xdma_201920_3,7,6,6,16,1024,Reduce,419.9620000022719,2.150594577593006,535.1369999999633,1.6877323003269478
u280_u250_reduce,xilinx_u280_xdma_201920_3,7,6,6,16,1024,Reduce,392.83899999986716,2.2990792665705424,524.7310000058292,1.7212019110553156
u280_u250_reduce,xilinx_u280_xdma_201920_3,7,6,6,16,1024,Reduce,348.35400000332584,2.592672970574121,479.9239999968563,1.8818979671904636
u280_u250_reduce,xilinx_u280_xdma_201920_3,7,6,6,16,1024,Reduce,339.86100000049646,2.6574629039480278,489.1119999967941,1.8465463942939855
u280_u250_reduce,xilinx_u280_xdma_201920_3,7,6,6,16,1024,Reduce,347.544000000255,2.598715558315889,464.925999999366,1.9426059200845545
u280_u250_reduce,xilinx_u280_xdma_201920_3,7,6,6,16,1024,Reduce,337.50600000104214,2.676005759889339,466.47900000351683,1.936138604295565
u280_u250_reduce,xilinx_u280_xdma_201920_3,7,6,6,16,1024,Reduce,293.36699999760185,3.0786284756205813,477.1890000014878,1.8926840308497976
u280_u250_reduce,xilinx_u280_xdma_201920_3,7,6,6,16,1024,Reduce,331.4410000001544,2.7249736755548626,460.45300000230327,1.9614770671392785
u280_u250_reduce,xilinx_u280_xdma_201920_3,7,6,6,16,1024,Reduce,297.10700000151746,3.039874523304355,418.246000002398,2.159418141464166
experiment,board_instance,number of nodes,rank id,number of banks,buffer size[KB],segment_size[KB],collective name,execution_time[us],throughput[Gbps],execution_time_fullpath[us],throughput_fullpath[Gbps]
u280_u250_reduce,xilinx_u280_xdma_201920_3,7,6,6,32,1024,Reduce,524.6639999967329,3.490660689529689,698.4870000010801,2.6219872381263616
u280_u250_reduce,xilinx_u280_xdma_201920_3,7,6,6,32,1024,Reduce,321.6489999999794,5.693858833697967,454.37800000058814,4.03061767954793
u280_u250_reduce,xilinx_u280_xdma_201920_3,7,6,6,32,1024,Reduce,299.17199999829336,6.121642399724732,473.4860000041863,3.867958081091748
u280_u250_reduce,xilinx_u280_xdma_201920_3,7,6,6,32,1024,Reduce,357.3189999954707,5.125459323526638,772.9049999980475,2.3695331250342884
u280_u250_reduce,xilinx_u280_xdma_201920_3,7,6,6,32,1024,Reduce,425.5779999979836,4.303380343929144,613.1319999980178,2.986997905843963
u280_u250_reduce,xilinx_u280_xdma_201920_3,7,6,6,32,1024,Reduce,393.8380000008124,4.650196273585135,592.5110000006839,3.090953585668259
u280_u250_reduce,xilinx_u280_xdma_201920_3,7,6,6,32,1024,Reduce,363.658999994243,5.036102502698937,581.4009999980385,3.1500186618292343
u280_u250_reduce,xilinx_u280_xdma_201920_3,7,6,6,32,1024,Reduce,363.2489999958466,5.041786763407306,626.4940000022534,2.923290566219968
u280_u250_reduce,xilinx_u280_xdma_201920_3,7,6,6,32,1024,Reduce,381.95500000171023,4.794868505430744,590.4300000025842,3.1018478058228482
u280_u250_reduce,xilinx_u280_xdma_201920_3,7,6,6,32,1024,Reduce,368.43399999497706,4.970833310782849,563.4880000044973,3.2501561701143293
experiment,board_instance,number of nodes,rank id,number of banks,buffer size[KB],segment_size[KB],collective name,execution_time[us],throughput[Gbps],execution_time_fullpath[us],throughput_fullpath[Gbps]
u280_u250_reduce,xilinx_u280_xdma_201920_3,7,6,6,64,1024,Reduce,488.3519999978603,7.500425922318428,689.447999995707,5.312725542786123
u280_u250_reduce,xilinx_u280_xdma_201920_3,7,6,6,64,1024,Reduce,405.3339999998684,9.036616716093862,587.0210000011866,6.239722258645935
u280_u250_reduce,xilinx_u280_xdma_201920_3,7,6,6,64,1024,Reduce,385.80500000051643,9.494039735086629,537.450999999578,6.815222224915157
u280_u250_reduce,xilinx_u280_xdma_201920_3,7,6,6,64,1024,Reduce,388.74600000582404,9.42221399048511,550.7400000013263,6.650775320461886
u280_u250_reduce,xilinx_u280_xdma_201920_3,7,6,6,64,1024,Reduce,330.3390000013451,11.088148840993906,532.6989999971943,6.876018164140147
u280_u250_reduce,xilinx_u280_xdma_201920_3,7,6,6,64,1024,Reduce,330.5540000013707,11.080936851421589,514.2369999973084,7.122879139422429
u280_u250_reduce,xilinx_u280_xdma_201920_3,7,6,6,64,1024,Reduce,324.99299999955156,11.270544288661767,528.4470000006536,6.931344108293679
u280_u250_reduce,xilinx_u280_xdma_201920_3,7,6,6,64,1024,Reduce,387.41600000236076,9.454560472406095,624.3850000018369,5.8663292679824535
u280_u250_reduce,xilinx_u280_xdma_201920_3,7,6,6,64,1024,Reduce,315.3290000028619,11.615956667375206,532.0189999977742,6.88480674565255
u280_u250_reduce,xilinx_u280_xdma_201920_3,7,6,6,64,1024,Reduce,348.0009999989875,10.525395041998895,490.0009999957433,7.475184744585867
experiment,board_instance,number of nodes,rank id,number of banks,buffer size[KB],segment_size[KB],collective name,execution_time[us],throughput[Gbps],execution_time_fullpath[us],throughput_fullpath[Gbps]
u280_u250_reduce,xilinx_u280_xdma_201920_3,7,6,6,128,1024,Reduce,488.0520000014599,15.010072697126715,582.8930000006949,12.56782291087947
u280_u250_reduce,xilinx_u280_xdma_201920_3,7,6,6,128,1024,Reduce,468.5259999988034,15.635623209851127,714.3500000026393,10.255051445332029
u280_u250_reduce,xilinx_u280_xdma_201920_3,7,6,6,128,1024,Reduce,431.9909999992433,16.95798292097019,619.5409999989465,11.824392574522843
u280_u250_reduce,xilinx_u280_xdma_201920_3,7,6,6,128,1024,Reduce,355.3099999962228,20.61775914012518,596.5270000061196,12.280577408775878
u280_u250_reduce,xilinx_u280_xdma_201920_3,7,6,6,128,1024,Reduce,418.57200000094963,17.50163890557271,567.676000002848,12.904713251860652
u280_u250_reduce,xilinx_u280_xdma_201920_3,7,6,6,128,1024,Reduce,383.1270000063114,19.12080328423557,564.0039999974533,12.98873057643754
u280_u250_reduce,xilinx_u280_xdma_201920_3,7,6,6,128,1024,Reduce,411.9709999912402,17.78206718471875,664.3789999998262,11.026381026495294
u280_u250_reduce,xilinx_u280_xdma_201920_3,7,6,6,128,1024,Reduce,389.4879999961631,18.80852811915172,573.3450000064977,12.7771167445726
u280_u250_reduce,xilinx_u280_xdma_201920_3,7,6,6,128,1024,Reduce,419.3759999964186,17.46808591827515,588.2380000059584,12.453625913194653
u280_u250_reduce,xilinx_u280_xdma_201920_3,7,6,6,128,1024,Reduce,450.2810000133195,16.269165254104223,578.2239999945205,12.669304629467858
experiment,board_instance,number of nodes,rank id,number of banks,buffer size[KB],segment_size[KB],collective name,execution_time[us],throughput[Gbps],execution_time_fullpath[us],throughput_fullpath[Gbps]
u280_u250_reduce,xilinx_u280_xdma_201920_3,7,6,6,256,1024,Reduce,606.5009999929316,24.198608081719645,890.2899999867486,16.48505543162166
u280_u250_reduce,xilinx_u280_xdma_201920_3,7,6,6,256,1024,Reduce,488.6870000007093,30.03247477419841,786.5949999938948,18.658242170512032
u280_u250_reduce,xilinx_u280_xdma_201920_3,7,6,6,256,1024,Reduce,481.5380000025016,30.478342311351867,934.0989999913063,15.711910622039628
u280_u250_reduce,xilinx_u280_xdma_201920_3,7,6,6,256,1024,Reduce,464.08500000438835,31.624551536596144,896.9879999938257,16.361958019617905
u280_u250_reduce,xilinx_u280_xdma_201920_3,7,6,6,256,1024,Reduce,500.9260000008453,29.298698809754804,875.8629999903178,16.756593211680638
u280_u250_reduce,xilinx_u280_xdma_201920_3,7,6,6,256,1024,Reduce,451.4660000012327,32.50849454878092,684.7309999926665,21.433935370469843
u280_u250_reduce,xilinx_u280_xdma_201920_3,7,6,6,256,1024,Reduce,489.8770000067998,29.95952045063614,672.0809999904986,21.837367817580745
u280_u250_reduce,xilinx_u280_xdma_201920_3,7,6,6,256,1024,Reduce,434.50600000483064,33.77739317716403,770.7299999992756,19.042310536781745
u280_u250_reduce,xilinx_u280_xdma_201920_3,7,6,6,256,1024,Reduce,468.25200000455425,31.34312293350003,768.9440000007153,19.086539461893647
u280_u250_reduce,xilinx_u280_xdma_201920_3,7,6,6,256,1024,Reduce,514.5500000054426,28.52294237653243,739.2929999952003,19.852047835019786
experiment,board_instance,number of nodes,rank id,number of banks,buffer size[KB],segment_size[KB],collective name,execution_time[us],throughput[Gbps],execution_time_fullpath[us],throughput_fullpath[Gbps]
u280_u250_reduce,xilinx_u280_xdma_201920_3,7,6,6,512,1024,Reduce,874.3369999990591,33.571677739854984,1105.3399999951807,26.555593754073843
u280_u250_reduce,xilinx_u280_xdma_201920_3,7,6,6,512,1024,Reduce,731.0700000004999,40.15068324507904,1102.1319999997559,26.632889708316704
u280_u250_reduce,xilinx_u280_xdma_201920_3,7,6,6,512,1024,Reduce,946.6620000040393,31.006800737617812,1114.4270000045253,26.339060342113758
u280_u250_reduce,xilinx_u280_xdma_201920_3,7,6,6,512,1024,Reduce,800.7640000045058,36.65619333515847,1445.7540000023528,20.302873102859984
u280_u250_reduce,xilinx_u280_xdma_201920_3,7,6,6,512,1024,Reduce,795.7820000115134,36.88567974592956,1090.109000003281,26.926628437992584
u280_u250_reduce,xilinx_u280_xdma_201920_3,7,6,6,512,1024,Reduce,773.2309999965992,37.961437138615885,1305.5489999942438,22.483231192494053
u280_u250_reduce,xilinx_u280_xdma_201920_3,7,6,6,512,1024,Reduce,716.604000004395,40.96120032796353,1038.348000008682,28.268904066608275
u280_u250_reduce,xilinx_u280_xdma_201920_3,7,6,6,512,1024,Reduce,756.8399999939857,38.78357380718944,1085.152000001699,27.04962991355501
u280_u250_reduce,xilinx_u280_xdma_201920_3,7,6,6,512,1024,Reduce,776.7289999947025,37.790477760197184,1418.4509999921602,20.69367218195217
u280_u250_reduce,xilinx_u280_xdma_201920_3,7,6,6,512,1024,Reduce,845.1979999932746,34.72909306486003,1311.1039999955665,22.38797227382363
experiment,board_instance,number of nodes,rank id,number of banks,buffer size[KB],segment_size[KB],collective name,execution_time[us],throughput[Gbps],execution_time_fullpath[us],throughput_fullpath[Gbps]
u280_u250_reduce,xilinx_u280_xdma_201920_3,7,6,6,1024,1024,Reduce,1515.2910000040265,38.742340580023246,2030.301000004897,28.914885034218276
u280_u250_reduce,xilinx_u280_xdma_201920_3,7,6,6,1024,1024,Reduce,1472.4560000018982,39.869388287272635,1960.742999997933,29.940650049528102
u280_u250_reduce,xilinx_u280_xdma_201920_3,7,6,6,1024,1024,Reduce,1479.0500000003703,39.691639903982484,2051.1379999987867,28.62114591998916
u280_u250_reduce,xilinx_u280_xdma_201920_3,7,6,6,1024,1024,Reduce,1471.2509999981194,39.90204254751571,1849.6090000041931,31.739637945028875
u280_u250_reduce,xilinx_u280_xdma_201920_3,7,6,6,1024,1024,Reduce,1595.7720000017162,36.78841338232333,1804.3310000024348,32.536114493361126
u280_u250_reduce,xilinx_u280_xdma_201920_3,7,6,6,1024,1024,Reduce,1472.0500000038328,39.880384497705336,2005.7890000089174,29.26824307030251
u280_u250_reduce,xilinx_u280_xdma_201920_3,7,6,6,1024,1024,Reduce,1532.049999994456,38.318540517745795,2105.6209999983366,27.880572999626416
u280_u250_reduce,xilinx_u280_xdma_201920_3,7,6,6,1024,1024,Reduce,1508.1609999896273,38.92549933356172,2179.87199999925,26.93090236491877
u280_u250_reduce,xilinx_u280_xdma_201920_3,7,6,6,1024,1024,Reduce,1470.795999992447,39.914386495680894,2022.2189999969942,29.030446257347627
u280_u250_reduce,xilinx_u280_xdma_201920_3,7,6,6,1024,1024,Reduce,1477.9360000005681,39.721557631708976,2101.2639999895555,27.938383753917545
experiment,board_instance,number of nodes,rank id,number of banks,buffer size[KB],segment_size[KB],collective name,execution_time[us],throughput[Gbps],execution_time_fullpath[us],throughput_fullpath[Gbps]
u280_u250_reduce,xilinx_u280_xdma_201920_3,7,6,6,2048,1024,Reduce,2264.347999997085,51.86346268336457,3094.0270000030523,37.95601266565681
u280_u250_reduce,xilinx_u280_xdma_201920_3,7,6,6,2048,1024,Reduce,2407.339999990654,48.782859089474655,3061.119999998141,38.364039305898274
u280_u250_reduce,xilinx_u280_xdma_201920_3,7,6,6,2048,1024,Reduce,2381.753999998182,49.30690910987853,3113.3300000050212,37.72068107133217
u280_u250_reduce,xilinx_u280_xdma_201920_3,7,6,6,2048,1024,Reduce,2361.41700000303,49.73155016663694,3025.0009999974736,38.82211212495403
u280_u250_reduce,xilinx_u280_xdma_201920_3,7,6,6,2048,1024,Reduce,2363.7190000016517,49.68311715560011,3151.259999995659,37.266657781383245
u280_u250_reduce,xilinx_u280_xdma_201920_3,7,6,6,2048,1024,Reduce,2349.586999997655,49.981944912070595,3123.5559999913676,37.5971898695988
u280_u250_reduce,xilinx_u280_xdma_201920_3,7,6,6,2048,1024,Reduce,2364.146999994432,49.67412263293128,3061.81700000252,38.355306015971344
u280_u250_reduce,xilinx_u280_xdma_201920_3,7,6,6,2048,1024,Reduce,2298.417999995195,51.09467816569724,3150.6170000028533,37.274263422019764
u280_u250_reduce,xilinx_u280_xdma_201920_3,7,6,6,2048,1024,Reduce,2399.295000003576,48.94643134746872,3118.764999996415,37.654946108518914
u280_u250_reduce,xilinx_u280_xdma_201920_3,7,6,6,2048,1024,Reduce,2375.955999994517,49.42723181753829,3058.6389999882613,38.39515810805091
experiment,board_instance,number of nodes,rank id,number of banks,buffer size[KB],segment_size[KB],collective name,execution_time[us],throughput[Gbps],execution_time_fullpath[us],throughput_fullpath[Gbps]
u280_u250_reduce,xilinx_u280_xdma_201920_3,7,6,6,4096,1024,Reduce,4153.5430000010365,56.54783301868824,5342.429000009474,43.9638703667533
u280_u250_reduce,xilinx_u280_xdma_201920_3,7,6,6,4096,1024,Reduce,4072.136000004889,57.678293652205625,5154.130999997619,45.57002063007488
u280_u250_reduce,xilinx_u280_xdma_201920_3,7,6,6,4096,1024,Reduce,4106.339000003345,57.19787284971082,5419.825000004153,43.33605900556199
u280_u250_reduce,xilinx_u280_xdma_201920_3,7,6,6,4096,1024,Reduce,4114.021000006574,57.091068810690246,5366.405999993162,43.767440629780765
u280_u250_reduce,xilinx_u280_xdma_201920_3,7,6,6,4096,1024,Reduce,4130.4190000062135,56.864413997622684,5334.430000004886,44.02979437349162
u280_u250_reduce,xilinx_u280_xdma_201920_3,7,6,6,4096,1024,Reduce,4107.837000006498,57.1770145698645,5302.729999996814,44.29300680972652
u280_u250_reduce,xilinx_u280_xdma_201920_3,7,6,6,4096,1024,Reduce,4188.600000006204,56.0745490139073,5430.633000003127,43.24981194639092
u280_u250_reduce,xilinx_u280_xdma_201920_3,7,6,6,4096,1024,Reduce,4167.683000005695,56.355979089503464,5571.930000002112,42.153052174006305
u280_u250_reduce,xilinx_u280_xdma_201920_3,7,6,6,4096,1024,Reduce,4102.461000002222,57.2519412128166,5308.744999993564,44.24282123181368
u280_u250_reduce,xilinx_u280_xdma_201920_3,7,6,6,4096,1024,Reduce,4154.59799999951,56.53347351537447,5373.18800000719,43.712197674766955
experiment,board_instance,number of nodes,rank id,number of banks,buffer size[KB],segment_size[KB],collective name,execution_time[us],throughput[Gbps],execution_time_fullpath[us],throughput_fullpath[Gbps]
u280_u250_reduce,xilinx_u280_xdma_201920_3,7,6,6,8192,1024,Reduce,7709.159000000909,60.93371689440374,9973.653000002969,47.09886257320765
u280_u250_reduce,xilinx_u280_xdma_201920_3,7,6,6,8192,1024,Reduce,7801.5570000076195,60.21204639016817,9793.883999989815,47.96337306021682
u280_u250_reduce,xilinx_u280_xdma_201920_3,7,6,6,8192,1024,Reduce,7701.122000000282,60.997308184441536,9837.939999997048,47.748584764711005
u280_u250_reduce,xilinx_u280_xdma_201920_3,7,6,6,8192,1024,Reduce,7733.411999993223,60.74262072167003,9806.694000005224,47.900720874919706
u280_u250_reduce,xilinx_u280_xdma_201920_3,7,6,6,8192,1024,Reduce,7720.008999996253,60.84807828594863,9863.68600000276,47.62395234396843
u280_u250_reduce,xilinx_u280_xdma_201920_3,7,6,6,8192,1024,Reduce,7683.877000005168,61.1342050373378,9971.122999999694,47.1108130949758
u280_u250_reduce,xilinx_u280_xdma_201920_3,7,6,6,8192,1024,Reduce,7711.198999999169,60.917596861402565,9824.956999992195,47.8116812114672
u280_u250_reduce,xilinx_u280_xdma_201920_3,7,6,6,8192,1024,Reduce,7734.089000010158,60.737303643568495,9809.430000004228,47.88736063153491
u280_u250_reduce,xilinx_u280_xdma_201920_3,7,6,6,8192,1024,Reduce,7751.659000007294,60.59963576823464,9772.185999992189,48.06987013963667
u280_u250_reduce,xilinx_u280_xdma_201920_3,7,6,6,8192,1024,Reduce,7749.595000007048,60.61577566306017,9860.754000001747,47.638112866411305
experiment,board_instance,number of nodes,rank id,number of banks,buffer size[KB],segment_size[KB],collective name,execution_time[us],throughput[Gbps],execution_time_fullpath[us],throughput_fullpath[Gbps]
u280_u250_reduce,xilinx_u280_xdma_201920_3,7,6,6,8192,1024,Reduce,7519.912999995881,62.4671737559008,9671.556000000692,48.57002451311521
u280_u250_reduce,xilinx_u280_xdma_201920_3,7,6,6,8192,1024,Reduce,7704.712999995422,60.96887865911152,9602.358999998727,48.92003225458059
u280_u250_reduce,xilinx_u280_xdma_201920_3,7,6,6,8192,1024,Reduce,7702.2810000002555,60.988129620301365,9632.862000003683,48.76512421747768
u280_u250_reduce,xilinx_u280_xdma_201920_3,7,6,6,8192,1024,Reduce,7703.885000005073,60.975431486800574,9589.399000006437,48.986147307008984
u280_u250_reduce,xilinx_u280_xdma_201920_3,7,6,6,8192,1024,Reduce,7699.809000001778,61.0077096717453,9672.543000000644,48.565068358958825
u280_u250_reduce,xilinx_u280_xdma_201920_3,7,6,6,8192,1024,Reduce,7709.079999997925,60.93434132219752,9557.661999998856,49.1488098239984
u280_u250_reduce,xilinx_u280_xdma_201920_3,7,6,6,8192,1024,Reduce,7699.544000004721,61.009809412052455,9598.077999996236,48.94185189995166
u280_u250_reduce,xilinx_u280_xdma_201920_3,7,6,6,8192,1024,Reduce,7682.8130000023975,61.14267157092766,9606.75800000388,48.8976314381824
u280_u250_reduce,xilinx_u280_xdma_201920_3,7,6,6,8192,1024,Reduce,7682.037000002139,61.14884789019751,9612.027000002854,48.87082734992947
u280_u250_reduce,xilinx_u280_xdma_201920_3,7,6,6,8192,1024,Reduce,7671.8910000010965,61.22971663699769,9656.746000004547,48.644513586644905
experiment,board_instance,number of nodes,rank id,number of banks,buffer size[KB],segment_size[KB],collective name,execution_time[us],throughput[Gbps],execution_time_fullpath[us],throughput_fullpath[Gbps]
u280_u250_reduce,xilinx_u280_xdma_201920_3,8,6,6,1,1024,Reduce,501.75100000160455,0.13061458771340848,761.0580000232403,0.08611170239061772
u280_u250_reduce,xilinx_u280_xdma_201920_3,8,6,6,1,1024,Reduce,357.1199999896635,0.183512544808179,611.496999965766,0.10717305236766324
u280_u250_reduce,xilinx_u280_xdma_201920_3,8,6,6,1,1024,Reduce,349.05500001514156,0.18775264642293374,580.9810000414473,0.1128023119436344
u280_u250_reduce,xilinx_u280_xdma_201920_3,8,6,6,1,1024,Reduce,347.5560000083533,0.18856241871360266,930.8539999892673,0.07040416649738372
u280_u250_reduce,xilinx_u280_xdma_201920_3,8,6,6,1,1024,Reduce,312.1140000530431,0.20997456054154023,614.8139999595514,0.10659484007246355
u280_u250_reduce,xilinx_u280_xdma_201920_3,8,6,6,1,1024,Reduce,345.14700001864185,0.189878515520808,493.34199997019823,0.13284090955961358
u280_u250_reduce,xilinx_u280_xdma_201920_3,8,6,6,1,1024,Reduce,386.3090000209013,0.16964657824812304,437.7300000442119,0.14971786259424916
u280_u250_reduce,xilinx_u280_xdma_201920_3,8,6,6,1,1024,Reduce,358.3810000122867,0.18286683724235708,550.1070000377695,0.1191331868082035
u280_u250_reduce,xilinx_u280_xdma_201920_3,8,6,6,1,1024,Reduce,311.63400001332775,0.21029797774696343,437.04600000182836,0.14995217894621124
u280_u250_reduce,xilinx_u280_xdma_201920_3,8,6,6,1,1024,Reduce,352.3029999996652,0.18602169155545734,540.6480000260672,0.12121750195476577
experiment,board_instance,number of nodes,rank id,number of banks,buffer size[KB],segment_size[KB],collective name,execution_time[us],throughput[Gbps],execution_time_fullpath[us],throughput_fullpath[Gbps]
u280_u250_reduce,xilinx_u280_xdma_201920_3,8,6,6,2,1024,Reduce,448.8129999913326,0.29204145156787176,557.0839999791133,0.23528229136883178
u280_u250_reduce,xilinx_u280_xdma_201920_3,8,6,6,2,1024,Reduce,377.3180000052889,0.3473780736624352,654.8440000528899,0.20015759476976758
u280_u250_reduce,xilinx_u280_xdma_201920_3,8,6,6,2,1024,Reduce,349.33400002046255,0.3752053908074288,511.81300000280316,0.2560935341604886
u280_u250_reduce,xilinx_u280_xdma_201920_3,8,6,6,2,1024,Reduce,370.4619999780334,0.3538068682017911,486.80800000511226,0.26924783487252374
u280_u250_reduce,xilinx_u280_xdma_201920_3,8,6,6,2,1024,Reduce,336.39600002288716,0.38963602418305315,530.479000019568,0.24708235386351785
u280_u250_reduce,xilinx_u280_xdma_201920_3,8,6,6,2,1024,Reduce,346.7559999990044,0.3779949013149775,538.5529999557548,0.24337808908458097
u280_u250_reduce,xilinx_u280_xdma_201920_3,8,6,6,2,1024,Reduce,326.23300000977906,0.40177419205313697,482.13599995960976,0.2718569034691049
u280_u250_reduce,xilinx_u280_xdma_201920_3,8,6,6,2,1024,Reduce,347.05199999507386,0.3776725101767472,529.9200000195015,0.24734299515997973
u280_u250_reduce,xilinx_u280_xdma_201920_3,8,6,6,2,1024,Reduce,344.2120000158866,0.3807885837621889,536.4630000030957,0.24432626294682697
u280_u250_reduce,xilinx_u280_xdma_201920_3,8,6,6,2,1024,Reduce,330.4289999732646,0.3966722048535761,537.3320000217063,0.24393112637011224
experiment,board_instance,number of nodes,rank id,number of banks,buffer size[KB],segment_size[KB],collective name,execution_time[us],throughput[Gbps],execution_time_fullpath[us],throughput_fullpath[Gbps]
u280_u250_reduce,xilinx_u280_xdma_201920_3,8,6,6,4,1024,Reduce,415.31499999791777,0.63119319071383,704.9299999835057,0.3718723845007785
u280_u250_reduce,xilinx_u280_xdma_201920_3,8,6,6,4,1024,Reduce,334.4400000173664,0.7838296854036232,622.7589999525662,0.4209397214973477
u280_u250_reduce,xilinx_u280_xdma_201920_3,8,6,6,4,1024,Reduce,315.61100001908926,0.830592089579085,542.2439999733797,0.4834428781376454
u280_u250_reduce,xilinx_u280_xdma_201920_3,8,6,6,4,1024,Reduce,372.7099999650818,0.7033457648696294,439.9740000167185,0.5958170255288695
u280_u250_reduce,xilinx_u280_xdma_201920_3,8,6,6,4,1024,Reduce,341.5510000195354,0.7675105620683481,439.10800002322503,0.596992083920436
u280_u250_reduce,xilinx_u280_xdma_201920_3,8,6,6,4,1024,Reduce,320.9729999866795,0.8167166709065219,479.9999999818283,0.5461333333540087
u280_u250_reduce,xilinx_u280_xdma_201920_3,8,6,6,4,1024,Reduce,407.5800000009622,0.6431718926330565,506.25599999420956,0.517809171650308
u280_u250_reduce,xilinx_u280_xdma_201920_3,8,6,6,4,1024,Reduce,308.26099998648715,0.8503962551587495,1098.3749999695647,0.2386653010194732
u280_u250_reduce,xilinx_u280_xdma_201920_3,8,6,6,4,1024,Reduce,389.1729999736526,0.6735924640654603,654.8709999947278,0.4002986847823624
u280_u250_reduce,xilinx_u280_xdma_201920_3,8,6,6,4,1024,Reduce,350.2999999795975,0.7483414216821811,520.3360000223256,0.5037975461793003
experiment,board_instance,number of nodes,rank id,number of banks,buffer size[KB],segment_size[KB],collective name,execution_time[us],throughput[Gbps],execution_time_fullpath[us],throughput_fullpath[Gbps]
u280_u250_reduce,xilinx_u280_xdma_201920_3,8,6,6,8,1024,Reduce,460.3149999979905,1.1389765703969863,601.7139999698884,0.8713242504349857
u280_u250_reduce,xilinx_u280_xdma_201920_3,8,6,6,8,1024,Reduce,382.6949999847784,1.369989155909676,554.3780000039078,0.9457229543674249
u280_u250_reduce,xilinx_u280_xdma_201920_3,8,6,6,8,1024,Reduce,317.2469999981331,1.652617676457414,495.9310000458572,1.0571793252519417
u280_u250_reduce,xilinx_u280_xdma_201920_3,8,6,6,8,1024,Reduce,372.51000003379886,1.4074467798245145,507.09800001413896,1.0338987729894058
u280_u250_reduce,xilinx_u280_xdma_201920_3,8,6,6,8,1024,Reduce,307.62699998376775,1.7042977372846486,510.6759999762289,1.0266548653635665
u280_u250_reduce,xilinx_u280_xdma_201920_3,8,6,6,8,1024,Reduce,406.23899997171975,1.2905900222196742,480.5930000202352,1.0909189271960371
u280_u250_reduce,xilinx_u280_xdma_201920_3,8,6,6,8,1024,Reduce,394.7179999954642,1.32825966894346,469.95499997137813,1.115613197076169
u280_u250_reduce,xilinx_u280_xdma_201920_3,8,6,6,8,1024,Reduce,370.0049999793009,1.4169754463570226,556.6849999922852,0.9418037130644186
u280_u250_reduce,xilinx_u280_xdma_201920_3,8,6,6,8,1024,Reduce,342.3580000116999,1.5314028005248386,482.9130000416626,1.0856779584620166
u280_u250_reduce,xilinx_u280_xdma_201920_3,8,6,6,8,1024,Reduce,360.23300003762415,1.4554135793923413,568.6819999937143,0.9219352819427994
experiment,board_instance,number of nodes,rank id,number of banks,buffer size[KB],segment_size[KB],collective name,execution_time[us],throughput[Gbps],execution_time_fullpath[us],throughput_fullpath[Gbps]
u280_u250_reduce,xilinx_u280_xdma_201920_3,8,6,6,16,1024,Reduce,455.75299998290575,2.3007550143154947,600.28500001863,1.746796938066847
u280_u250_reduce,xilinx_u280_xdma_201920_3,8,6,6,16,1024,Reduce,404.4550000230629,2.5925653037796734,520.4579999826819,2.0147178063069275
u280_u250_reduce,xilinx_u280_xdma_201920_3,8,6,6,16,1024,Reduce,315.89799999665047,3.319349916780474,500.4230000054122,2.0953793090818356
u280_u250_reduce,xilinx_u280_xdma_201920_3,8,6,6,16,1024,Reduce,337.28099998597827,3.108909188610068,520.6110000131048,2.014125709932378
u280_u250_reduce,xilinx_u280_xdma_201920_3,8,6,6,16,1024,Reduce,355.3710000119281,2.9506515724828537,503.4969999542227,2.0825863909722107
u280_u250_reduce,xilinx_u280_xdma_201920_3,8,6,6,16,1024,Reduce,361.64700003382677,2.8994461447265456,494.12000004167567,2.1221079897829673
u280_u250_reduce,xilinx_u280_xdma_201920_3,8,6,6,16,1024,Reduce,362.27800001142896,2.8943960162276485,507.1459999612671,2.067601834738092
u280_u250_reduce,xilinx_u280_xdma_201920_3,8,6,6,16,1024,Reduce,325.2640000255269,3.223768999697806,542.1590000196375,1.934074690196086
u280_u250_reduce,xilinx_u280_xdma_201920_3,8,6,6,16,1024,Reduce,327.9439999914757,3.1974239505136723,500.372999965748,2.095588690980085
u280_u250_reduce,xilinx_u280_xdma_201920_3,8,6,6,16,1024,Reduce,374.184999998306,2.8022929834299797,556.7510000332732,1.883384133907858
experiment,board_instance,number of nodes,rank id,number of banks,buffer size[KB],segment_size[KB],collective name,execution_time[us],throughput[Gbps],execution_time_fullpath[us],throughput_fullpath[Gbps]
u280_u250_reduce,xilinx_u280_xdma_201920_3,8,6,6,32,1024,Reduce,491.5299999765921,4.266579863080324,616.9420000219361,3.399269299100131
u280_u250_reduce,xilinx_u280_xdma_201920_3,8,6,6,32,1024,Reduce,371.41600000722974,5.646369569321672,608.4170000235645,3.4468990838828892
u280_u250_reduce,xilinx_u280_xdma_201920_3,8,6,6,32,1024,Reduce,339.8900000206595,6.170090322964867,557.9429999897911,3.7587208729894854
u280_u250_reduce,xilinx_u280_xdma_201920_3,8,6,6,32,1024,Reduce,365.4280000091603,5.738892476623111,484.8250000009102,4.32558552054053
u280_u250_reduce,xilinx_u280_xdma_201920_3,8,6,6,32,1024,Reduce,356.450000026598,5.883439472137781,518.1550000088464,4.047344906377813
u280_u250_reduce,xilinx_u280_xdma_201920_3,8,6,6,32,1024,Reduce,320.7530000395309,6.538214762579114,513.946999944892,4.080483007440198
u280_u250_reduce,xilinx_u280_xdma_201920_3,8,6,6,32,1024,Reduce,329.0679999849999,6.373004971907314,556.0980000041127,3.7711914086806466
u280_u250_reduce,xilinx_u280_xdma_201920_3,8,6,6,32,1024,Reduce,311.7549999842595,6.726923385690318,507.4929999864253,4.132376210225749
u280_u250_reduce,xilinx_u280_xdma_201920_3,8,6,6,32,1024,Reduce,296.0009999810609,7.084949037787652,455.3770000370605,4.605309446523046
u280_u250_reduce,xilinx_u280_xdma_201920_3,8,6,6,32,1024,Reduce,282.3259999900074,7.428122100246617,551.6059999877143,3.8019020823680467
experiment,board_instance,number of nodes,rank id,number of banks,buffer size[KB],segment_size[KB],collective name,execution_time[us],throughput[Gbps],execution_time_fullpath[us],throughput_fullpath[Gbps]
u280_u250_reduce,xilinx_u280_xdma_201920_3,8,6,6,64,1024,Reduce,409.9690000316514,10.230783302337938,639.1190000272218,6.562633875414991
u280_u250_reduce,xilinx_u280_xdma_201920_3,8,6,6,64,1024,Reduce,384.6289999955843,10.904804370050496,619.6179999733431,6.769177138463449
u280_u250_reduce,xilinx_u280_xdma_201920_3,8,6,6,64,1024,Reduce,400.46500004109475,10.473584456992723,777.3960000463376,5.395324904874728
u280_u250_reduce,xilinx_u280_xdma_201920_3,8,6,6,64,1024,Reduce,497.60299998524715,8.429016706338892,611.004999996112,6.864598489417746
u280_u250_reduce,xilinx_u280_xdma_201920_3,8,6,6,64,1024,Reduce,358.5180000413857,11.699005348450648,616.0670000099344,6.8081945631438865
u280_u250_reduce,xilinx_u280_xdma_201920_3,8,6,6,64,1024,Reduce,410.0239999615951,10.22941096226772,602.3430000254848,6.963314921602046
u280_u250_reduce,xilinx_u280_xdma_201920_3,8,6,6,64,1024,Reduce,384.67199999558943,10.903585392355282,522.6119999974799,8.025655744644643
u280_u250_reduce,xilinx_u280_xdma_201920_3,8,6,6,64,1024,Reduce,374.19599999566344,11.208842424955392,611.3709999908679,6.86048896670377
u280_u250_reduce,xilinx_u280_xdma_201920_3,8,6,6,64,1024,Reduce,370.5620000005183,11.318764471246737,658.7240000044403,6.367316205226661
u280_u250_reduce,xilinx_u280_xdma_201920_3,8,6,6,64,1024,Reduce,368.2040000398956,11.3912505012046,586.2689999958093,7.154231248846488
experiment,board_instance,number of nodes,rank id,number of banks,buffer size[KB],segment_size[KB],collective name,execution_time[us],throughput[Gbps],execution_time_fullpath[us],throughput_fullpath[Gbps]
u280_u250_reduce,xilinx_u280_xdma_201920_3,8,6,6,128,1024,Reduce,439.68300002461547,19.07876356268122,849.4830000245202,9.874956885255932
u280_u250_reduce,xilinx_u280_xdma_201920_3,8,6,6,128,1024,Reduce,384.57699997707095,21.812557694558283,640.7199999785007,13.092470970597889
u280_u250_reduce,xilinx_u280_xdma_201920_3,8,6,6,128,1024,Reduce,365.2690000421899,22.96556236371301,600.161000022581,13.977262767298075
u280_u250_reduce,xilinx_u280_xdma_201920_3,8,6,6,128,1024,Reduce,386.2189999495058,21.719822176269748,632.7659999669777,13.257046049310139
u280_u250_reduce,xilinx_u280_xdma_201920_3,8,6,6,128,1024,Reduce,390.31199997907606,21.49205763709468,591.442000029474,14.183314677655561
u280_u250_reduce,xilinx_u280_xdma_201920_3,8,6,6,128,1024,Reduce,393.8749999861102,21.297640115000494,588.4959999775674,14.254316087653544
u280_u250_reduce,xilinx_u280_xdma_201920_3,8,6,6,128,1024,Reduce,401.8960000280458,20.872583950610633,676.7419999960111,12.395577635272296
u280_u250_reduce,xilinx_u280_xdma_201920_3,8,6,6,128,1024,Reduce,449.1660000098818,18.675963897123665,733.3039999934954,11.439468487931894
u280_u250_reduce,xilinx_u280_xdma_201920_3,8,6,6,128,1024,Reduce,397.5799999693663,21.09916997999483,610.4479999748946,13.74172411138212
u280_u250_reduce,xilinx_u280_xdma_201920_3,8,6,6,128,1024,Reduce,423.22799998828486,19.820541174573044,706.139000044459,11.87954212905936
experiment,board_instance,number of nodes,rank id,number of banks,buffer size[KB],segment_size[KB],collective name,execution_time[us],throughput[Gbps],execution_time_fullpath[us],throughput_fullpath[Gbps]
u280_u250_reduce,xilinx_u280_xdma_201920_3,8,6,6,256,1024,Reduce,596.7349999878024,28.11501923021598,777.4229999881754,21.580550099823622
u280_u250_reduce,xilinx_u280_xdma_201920_3,8,6,6,256,1024,Reduce,463.7490000050093,36.177363185298034,717.7049999995688,23.376200528086162
u280_u250_reduce,xilinx_u280_xdma_201920_3,8,6,6,256,1024,Reduce,488.46599997887097,34.34674266115904,852.1309999878213,19.688540846700544
u280_u250_reduce,xilinx_u280_xdma_201920_3,8,6,6,256,1024,Reduce,503.4229999978379,33.32628028531087,828.9699999863842,20.238628659994408
u280_u250_reduce,xilinx_u280_xdma_201920_3,8,6,6,256,1024,Reduce,474.73899996930413,35.339873069380836,840.65499999042,19.957314237340157
u280_u250_reduce,xilinx_u280_xdma_201920_3,8,6,6,256,1024,Reduce,502.8930000321452,33.36140292055684,789.7379999803888,21.244027766698093
u280_u250_reduce,xilinx_u280_xdma_201920_3,8,6,6,256,1024,Reduce,507.16300000885894,33.08052046325726,806.6839999969488,20.797754759067313
u280_u250_reduce,xilinx_u280_xdma_201920_3,8,6,6,256,1024,Reduce,442.39300001436277,37.92378269876628,712.786999997661,23.53748875899119
u280_u250_reduce,xilinx_u280_xdma_201920_3,8,6,6,256,1024,Reduce,476.383000034275,35.21791499443285,908.0799999878764,18.475482336604692
u280_u250_reduce,xilinx_u280_xdma_201920_3,8,6,6,256,1024,Reduce,431.8950000197219,38.84558978278028,776.338000036958,21.610710797618193
experiment,board_instance,number of nodes,rank id,number of banks,buffer size[KB],segment_size[KB],collective name,execution_time[us],throughput[Gbps],execution_time_fullpath[us],throughput_fullpath[Gbps]
u280_u250_reduce,xilinx_u280_xdma_201920_3,8,6,6,512,1024,Reduce,884.6990000392907,37.92751206739219,1161.0560000008263,28.899925584964137
u280_u250_reduce,xilinx_u280_xdma_201920_3,8,6,6,512,1024,Reduce,752.5670000063656,44.586637468446234,1081.0580000111258,31.038512271917575
u280_u250_reduce,xilinx_u280_xdma_201920_3,8,6,6,512,1024,Reduce,732.9990000357611,45.77691374526154,1162.7089999706186,28.858839142767376
u280_u250_reduce,xilinx_u280_xdma_201920_3,8,6,6,512,1024,Reduce,803.0849999727252,41.781918478292575,1083.255000025929,30.97556161679091
u280_u250_reduce,xilinx_u280_xdma_201920_3,8,6,6,512,1024,Reduce,727.4900000311391,46.12356458310597,1157.882000029531,28.979146406235024
u280_u250_reduce,xilinx_u280_xdma_201920_3,8,6,6,512,1024,Reduce,754.0510000012546,44.49888933234512,1140.558000031433,29.41931230071181
u280_u250_reduce,xilinx_u280_xdma_201920_3,8,6,6,512,1024,Reduce,735.339999948792,45.63118013753731,1085.4480000261901,30.91297970901451
u280_u250_reduce,xilinx_u280_xdma_201920_3,8,6,6,512,1024,Reduce,676.6889999880732,49.58619395407847,1244.5379999803663,26.96135594134478
u280_u250_reduce,xilinx_u280_xdma_201920_3,8,6,6,512,1024,Reduce,847.9299999635259,39.57217223290054,1176.9379999577723,28.50994020178116
u280_u250_reduce,xilinx_u280_xdma_201920_3,8,6,6,512,1024,Reduce,758.9930000335698,44.20914553693631,1158.6319999992156,28.960387767662827
experiment,board_instance,number of nodes,rank id,number of banks,buffer size[KB],segment_size[KB],collective name,execution_time[us],throughput[Gbps],execution_time_fullpath[us],throughput_fullpath[Gbps]
u280_u250_reduce,xilinx_u280_xdma_201920_3,8,6,6,1024,1024,Reduce,1254.7129999802564,53.48542973656605,1773.7999999667409,37.83338820682056
u280_u250_reduce,xilinx_u280_xdma_201920_3,8,6,6,1024,1024,Reduce,1269.933999992645,52.84437144008166,1904.389000003448,35.23905252544438
u280_u250_reduce,xilinx_u280_xdma_201920_3,8,6,6,1024,1024,Reduce,1424.9289999952452,47.09628620108366,1766.6589999976168,37.986314280283025
u280_u250_reduce,xilinx_u280_xdma_201920_3,8,6,6,1024,1024,Reduce,1363.7700000117547,49.20834451514667,1861.4769999771852,36.05140649109417
u280_u250_reduce,xilinx_u280_xdma_201920_3,8,6,6,1024,1024,Reduce,1440.649000016947,46.5823833558421,2071.8380000062098,32.39098037578172
u280_u250_reduce,xilinx_u280_xdma_201920_3,8,6,6,1024,1024,Reduce,1415.9180000206106,47.39601022024096,1921.1799999538925,34.93106528363328
u280_u250_reduce,xilinx_u280_xdma_201920_3,8,6,6,1024,1024,Reduce,1296.2069999957748,51.77326152398402,1962.1459999825674,34.201768879887744
u280_u250_reduce,xilinx_u280_xdma_201920_3,8,6,6,1024,1024,Reduce,1400.9569999871019,47.90215831079601,1833.1289999764522,36.60891513955759
u280_u250_reduce,xilinx_u280_xdma_201920_3,8,6,6,1024,1024,Reduce,1369.0870000004907,49.017238495417715,1918.1760000037684,34.98576981458853
u280_u250_reduce,xilinx_u280_xdma_201920_3,8,6,6,1024,1024,Reduce,1332.5779999604492,50.360177041788006,2032.874000008178,33.01181676765507
experiment,board_instance,number of nodes,rank id,number of banks,buffer size[KB],segment_size[KB],collective name,execution_time[us],throughput[Gbps],execution_time_fullpath[us],throughput_fullpath[Gbps]
u280_u250_reduce,xilinx_u280_xdma_201920_3,8,6,6,2048,1024,Reduce,2420.740999980353,55.47196664206945,3307.869999957802,40.59508505525097
u280_u250_reduce,xilinx_u280_xdma_201920_3,8,6,6,2048,1024,Reduce,2452.564000009261,54.75219566115011,3361.1790000236397,39.95123853833895
u280_u250_reduce,xilinx_u280_xdma_201920_3,8,6,6,2048,1024,Reduce,2658.4169999637197,50.51249070474369,3329.9190000093404,40.3262854140366
u280_u250_reduce,xilinx_u280_xdma_201920_3,8,6,6,2048,1024,Reduce,2613.0820000389576,51.38884428349283,3506.936000007954,38.290765500053446
u280_u250_reduce,xilinx_u280_xdma_201920_3,8,6,6,2048,1024,Reduce,2676.0590000094453,50.179485579176706,3509.2090000148346,38.26596364007739
u280_u250_reduce,xilinx_u280_xdma_201920_3,8,6,6,2048,1024,Reduce,2610.660000016196,51.43651950049678,3436.8089999929907,39.072076452393446
u280_u250_reduce,xilinx_u280_xdma_201920_3,8,6,6,2048,1024,Reduce,2656.9089999952666,50.541160423725174,3611.059999968802,37.186660980753615
u280_u250_reduce,xilinx_u280_xdma_201920_3,8,6,6,2048,1024,Reduce,2603.3179999558342,51.58158319585934,3322.818000015104,40.41246435988658
u280_u250_reduce,xilinx_u280_xdma_201920_3,8,6,6,2048,1024,Reduce,2515.227000003506,53.388129182699146,3501.717999995435,38.34782355408832
u280_u250_reduce,xilinx_u280_xdma_201920_3,8,6,6,2048,1024,Reduce,2671.0079999929803,50.27437731386537,3522.4929999913,38.12165531637157
experiment,board_instance,number of nodes,rank id,number of banks,buffer size[KB],segment_size[KB],collective name,execution_time[us],throughput[Gbps],execution_time_fullpath[us],throughput_fullpath[Gbps]
u280_u250_reduce,xilinx_u280_xdma_201920_3,8,6,6,4096,1024,Reduce,4476.552000028278,59.96478003568468,5742.773999998008,46.74316906778729
u280_u250_reduce,xilinx_u280_xdma_201920_3,8,6,6,4096,1024,Reduce,4567.5759999994625,58.76978423567152,5768.601999989187,46.53388394631891
u280_u250_reduce,xilinx_u280_xdma_201920_3,8,6,6,4096,1024,Reduce,4553.846000021622,58.94697712630719,5791.593000026296,46.34915747684293
u280_u250_reduce,xilinx_u280_xdma_201920_3,8,6,6,4096,1024,Reduce,4519.765999987158,59.39144991151372,5897.849999996652,45.51412056938586
u280_u250_reduce,xilinx_u280_xdma_201920_3,8,6,6,4096,1024,Reduce,4587.119000007078,58.51940095724262,5847.4029999615595,45.90678220771934
u280_u250_reduce,xilinx_u280_xdma_201920_3,8,6,6,4096,1024,Reduce,4573.2750000411215,58.696548096842264,5875.265999975454,45.68907280132023
u280_u250_reduce,xilinx_u280_xdma_201920_3,8,6,6,4096,1024,Reduce,4512.116000000788,59.49214426223819,5865.319999998064,45.76654913970398
u280_u250_reduce,xilinx_u280_xdma_201920_3,8,6,6,4096,1024,Reduce,4636.012999981176,57.90222244870537,5870.4439999814895,45.72660194030408
u280_u250_reduce,xilinx_u280_xdma_201920_3,8,6,6,4096,1024,Reduce,4569.583000034072,58.74397204252521,5910.534000008738,45.41644731247687
u280_u250_reduce,xilinx_u280_xdma_201920_3,8,6,6,4096,1024,Reduce,4563.577999988411,58.82127050325023,5905.0610000213055,45.458540732946105
experiment,board_instance,number of nodes,rank id,number of banks,buffer size[KB],segment_size[KB],collective name,execution_time[us],throughput[Gbps],execution_time_fullpath[us],throughput_fullpath[Gbps]
u280_u250_reduce,xilinx_u280_xdma_201920_3,8,6,6,8192,1024,Reduce,8593.166000025576,62.47649725356197,10708.259000011822,50.13615303845446
u280_u250_reduce,xilinx_u280_xdma_201920_3,8,6,6,8192,1024,Reduce,8705.190000000584,61.67250938807354,10758.090000024367,49.90392458129501
u280_u250_reduce,xilinx_u280_xdma_201920_3,8,6,6,8192,1024,Reduce,8732.149000024947,61.4821061801014,10752.657000011823,49.92913956052069
u280_u250_reduce,xilinx_u280_xdma_201920_3,8,6,6,8192,1024,Reduce,8757.589000026655,61.303506250220906,10772.649999978512,49.836475890432794
u280_u250_reduce,xilinx_u280_xdma_201920_3,8,6,6,8192,1024,Reduce,8755.60399998676,61.31740448755013,10772.067000004881,49.83917311317843
u280_u250_reduce,xilinx_u280_xdma_201920_3,8,6,6,8192,1024,Reduce,8755.544999985432,61.31781768021217,10770.793000006051,49.84506823218108
u280_u250_reduce,xilinx_u280_xdma_201920_3,8,6,6,8192,1024,Reduce,8754.081000006408,61.32807224420325,10752.661000026364,49.929120986766314
u280_u250_reduce,xilinx_u280_xdma_201920_3,8,6,6,8192,1024,Reduce,8714.476000022842,61.60679219250736,10774.10499999587,49.82974567262949
u280_u250_reduce,xilinx_u280_xdma_201920_3,8,6,6,8192,1024,Reduce,8748.319999995147,61.36845840118993,10723.439999992479,50.065176100241764
u280_u250_reduce,xilinx_u280_xdma_201920_3,8,6,6,8192,1024,Reduce,8766.342999990684,61.24228905948245,10700.761000009607,50.171283332046954
experiment,board_instance,number of nodes,rank id,number of banks,buffer size[KB],segment_size[KB],collective name,execution_time[us],throughput[Gbps],execution_time_fullpath[us],throughput_fullpath[Gbps]
u280_u250_reduce,xilinx_u280_xdma_201920_3,8,6,6,16384,1024,Reduce,2481382.554999982,0.43271917981224295,2397075.1690000044,0.44793831995178374
u280_u250_reduce,xilinx_u280_xdma_201920_3,8,6,6,16384,1024,Reduce,2404059.0019999966,0.4466370513813211,1280389.6539999754,0.8386055140680015
u280_u250_reduce,xilinx_u280_xdma_201920_3,8,6,6,16384,1024,Reduce,2393516.784000042,0.44860425929646675,2396922.347000043,0.4479668794209714
u280_u250_reduce,xilinx_u280_xdma_201920_3,8,6,6,16384,1024,Reduce,2426025.927000012,0.44259288907426203,2396987.700000011,0.44795466576653487
u280_u250_reduce,xilinx_u280_xdma_201920_3,8,6,6,16384,1024,Reduce,2430983.163999997,0.4416903580003573,1208142.384000041,0.8887543705278728
u280_u250_reduce,xilinx_u280_xdma_201920_3,8,6,6,16384,1024,Reduce,2393447.8170000375,0.4486171857909293,2397034.471999973,0.4479459250763799
u280_u250_reduce,xilinx_u280_xdma_201920_3,8,6,6,16384,1024,Reduce,2417043.4279999994,0.4442377044455819,2397011.136000003,0.44795028603488246
u280_u250_reduce,xilinx_u280_xdma_201920_3,8,6,6,16384,1024,Reduce,2393354.149000004,0.44863474319027674,2397035.447999997,0.44794574268640575
u280_u250_reduce,xilinx_u280_xdma_201920_3,8,6,6,16384,1024,Reduce,2393503.1689999276,0.4486068110988294,2397249.8620000808,0.44790567767689954
u280_u250_reduce,xilinx_u280_xdma_201920_3,8,6,6,16384,1024,Reduce,2393792.265000002,0.44855263328374034,2397086.7709999764,0.4479361519116283
